backend,tool,files,file_size_mb,total_mb,n,mean_s,median_s,stdev_s,ci95_half_s,rel_ci95,min_s,max_s,p95_s,peak_rss_mb,mean_rss_mb,raw_times,raw_rss_mb
minio,s3z,3,1,3,15,0.011,0.010,0.001,0.001,0.0487,0.010,0.013,0.012,4.8,4.7,0.010;0.011;0.013;0.011;0.010;0.010;0.010;0.012;0.012;0.012;0.010;0.010;0.010;0.010;0.010,4.7;4.8;4.7;4.7;4.7;4.7;4.8;4.7;4.7;4.7;4.8;4.8;4.8;4.8;4.7
seaweedfs,s3z,3,1,3,14,0.011,0.011,0.001,0.001,0.0496,0.009,0.013,0.012,4.8,4.7,0.012;0.011;0.011;0.011;0.010;0.010;0.011;0.011;0.010;0.013;0.009;0.011;0.010;0.012,4.8;4.8;4.7;4.7;4.7;4.8;4.8;4.7;4.7;4.8;4.7;4.8;4.7;4.7
garage,s3z,3,1,3,19,0.010,0.010,0.001,0.000,0.0490,0.009,0.012,0.012,4.8,4.7,0.012;0.011;0.010;0.010;0.009;0.012;0.011;0.011;0.009;0.012;0.010;0.009;0.009;0.009;0.010;0.009;0.009;0.010;0.010,4.8;4.7;4.7;4.7;4.7;4.7;4.8;4.8;4.7;4.7;4.7;4.7;4.7;4.7;4.8;4.8;4.7;4.8;4.7
minio,mc,3,1,3,10,0.032,0.032,0.001,0.001,0.0179,0.031,0.034,0.033,29.1,28.7,0.031;0.032;0.032;0.034;0.032;0.032;0.031;0.032;0.031;0.031,28.3;29.1;28.5;29.0;29.0;28.5;28.8;28.7;28.4;28.3
seaweedfs,mc,3,1,3,10,0.032,0.031,0.001,0.001,0.0232,0.030,0.034,0.034,29.1,28.9,0.031;0.031;0.031;0.033;0.031;0.032;0.030;0.031;0.034;0.031,29.0;28.9;29.1;28.7;29.0;29.0;29.0;28.1;28.9;28.9
garage,mc,3,1,3,10,0.032,0.032,0.001,0.001,0.0248,0.030,0.034,0.034,29.0,28.8,0.031;0.031;0.032;0.032;0.032;0.031;0.034;0.033;0.030;0.030,28.8;28.8;28.6;28.8;29.0;29.0;28.8;28.8;28.5;28.9
minio,s5cmd,3,1,3,10,0.016,0.016,0.001,0.001,0.0352,0.014,0.017,0.017,22.2,21.5,0.017;0.016;0.017;0.016;0.014;0.016;0.017;0.016;0.017;0.016,19.8;22.0;21.8;22.2;21.2;22.2;22.0;20.0;22.1;21.4
seaweedfs,s5cmd,3,1,3,10,0.016,0.016,0.001,0.000,0.0309,0.015,0.017,0.017,22.0,21.1,0.015;0.015;0.016;0.016;0.015;0.016;0.015;0.017;0.016;0.017,21.8;20.0;22.0;20.5;19.6;21.6;21.5;21.9;21.5;21.0
garage,s5cmd,3,1,3,10,0.015,0.015,0.001,0.000,0.0322,0.014,0.016,0.016,22.2,20.9,0.015;0.016;0.015;0.016;0.016;0.015;0.014;0.016;0.014;0.015,19.8;20.5;19.9;21.8;21.9;21.8;19.8;22.2;19.6;21.7
minio,aws,3,1,3,10,0.341,0.333,0.021,0.013,0.0379,0.327,0.392,0.378,104.8,104.2,0.329;0.336;0.328;0.330;0.392;0.337;0.362;0.336;0.328;0.327,104.1;104.2;104.2;104.1;103.4;104.1;104.8;104.6;104.0;104.2
seaweedfs,aws,3,1,3,10,0.355,0.352,0.022,0.014,0.0391,0.327,0.390,0.389,106.1,104.9,0.327;0.346;0.356;0.388;0.364;0.348;0.390;0.366;0.338;0.327,104.1;104.4;105.4;104.6;104.8;106.1;105.5;105.2;104.2;104.2
garage,aws,3,1,3,10,0.345,0.342,0.020,0.012,0.0356,0.326,0.380,0.374,105.5,104.5,0.353;0.336;0.327;0.364;0.347;0.326;0.380;0.367;0.327;0.327,104.6;105.5;104.1;104.8;104.1;104.1;104.5;104.4;104.2;104.2
